Clínica;Cidade/UF;Responsável;WhatsApp comercial;E-mail comercial;Instagram/site;Origem;Etapa;Interesse/necessidade;Último contato;Próximo contato;Próxima ação;Preferência de contato;Implantação proposta R$;Mensalidade proposta R$;Data fechamento;Motivo perda;Observações;Situação retorno;Canal principal;Contato principal;Site verificado;Fonte pública contato;Data verificação;Verificação;Potencial 0–10;Capacidade estimada 0–10;Evidências potencial;Evidências capacidade;Prioridade;País clínica;Proprietário identificado;Proprietário brasileiro?;Fonte proprietário/origem;Localização;Confiança da capacidade;Qualificação;Pendência
Instituto Remodele;São Paulo/SP;Não identificado;+55 11 91907-8160;contato@remodele.com.br;https://remodele.com.br/;Pesquisa pública;Prospectar;"Chamadas de agendamento levam ao WhatsApp; catálogo facial e corporal permite apresentar site com solicitações de consulta e painel.";;;"Confirmar proprietário brasileiro; apresentar fluxo de agendamento e edição dos serviços.";A confirmar;;;;;"CNPJ 63.154.444/0001-00; contato@remodele.com.br. Não confundir com Instituto Remodele de Rio Preto.";Sem data;WhatsApp;+55 11 91907-8160;https://remodele.com.br/;https://remodele.com.br/assets/index-ClmuxGc9.js;07/10/2026;Verificado;8;5;"Chamadas de agendamento levam ao WhatsApp; catálogo facial e corporal permite apresentar site com solicitações de consulta e painel.";"Site próprio e endereço físico publicados; equipe, unidades adicionais e investimento disponíveis não comprovados.";Pendente;Brasil;Não identificado;Não confirmado;;Brasil;Média;Pendente;Confirmar proprietário/origem brasileira
Art Beauty Center;"São Paulo/SP; Uberaba/MG";Geisa Costa e Marco Aurélio (cofundadores);+55 11 94445-2686;sp@artbeautycenter.com.br;https://www.artbeautycenter.com.br/;Pesquisa pública;Prospectar;"Site já apresenta bem a clínica; oportunidade provável em solicitações de consulta e acompanhamento entre unidades.";;;Confirmar origem dos proprietários e perguntar se já usam sistema de agenda.;A confirmar;;;;;"WhatsApp de agendamento de São Paulo. Há divergência em outros telefones do rodapé; não foram usados.";Sem data;WhatsApp;+55 11 94445-2686;https://www.artbeautycenter.com.br/;https://www.artbeautycenter.com.br/sobre-nos;07/10/2026;Verificado;6;8;"Site já apresenta bem a clínica; oportunidade provável em solicitações de consulta e acompanhamento entre unidades.";"Duas unidades, equipe multidisciplinar e cargos de marketing/finanças publicados; capacidade financeira real desconhecida.";Pendente;Brasil;Geisa Costa e Marco Aurélio (cofundadores);Não confirmado;https://www.artbeautycenter.com.br/sobre-nos;Brasil;Média;Pendente;Confirmar proprietário/origem brasileira
Danielle Oliveira Estética Avançada;São Paulo/SP;Danielle Oliveira (cofundadora);+55 11 97176-0036;contato@danielleoliveira.com.br;https://www.danielleoliveira.com.br/;Pesquisa pública;Prospectar;"Agendamento encaminhado ao WhatsApp; múltiplas unidades podem se beneficiar de catálogo e gestão por unidade.";;;"Confirmar proprietária brasileira e autonomia para contratar; oferecer piloto em uma unidade.";A confirmar;;;;;"Contato da unidade Limão; contato@danielleoliveira.com.br. Formação no Brasil não comprova nacionalidade.";Sem data;WhatsApp;+55 11 97176-0036;https://www.danielleoliveira.com.br/;https://www.danielleoliveira.com.br/;07/10/2026;Verificado;7;8;"Agendamento encaminhado ao WhatsApp; múltiplas unidades podem se beneficiar de catálogo e gestão por unidade.";"Cinco unidades listadas; três próprias declaradas no texto institucional. Variedade de procedimentos e estrutura de franquias.";Pendente;Brasil;Danielle Oliveira (cofundadora);Não confirmado;https://www.danielleoliveira.com.br/;Brasil;Média;Pendente;Confirmar proprietário/origem brasileira
JK Estética Avançada;"São Paulo/SP; Rio de Janeiro/RJ";Não identificado;;;https://www.jkesteticaavancada.com.br/;Pesquisa pública;Prospectar;"Site elaborado e amplo catálogo; avaliar integração da consulta com acompanhamento e painel antes de propor substituição.";;;Identificar gestor/proprietário brasileiro e confirmar canal para proposta comercial.;A confirmar;;;;;"contato@jkesteticaavancada.com.br é divulgado como Ouvidoria; não foi tratado como endereço de vendas.";Sem data;Formulário;Formulário de consulta no site;https://www.jkesteticaavancada.com.br/;https://www.jkesteticaavancada.com.br/;07/10/2026;Verificado;5;8;"Site elaborado e amplo catálogo; avaliar integração da consulta com acompanhamento e painel antes de propor substituição.";"Endereços em SP e RJ, serviços e tecnologias variados divulgados; orçamento não foi informado.";Pendente;Brasil;Não identificado;Não confirmado;;Brasil;Média;Pendente;Confirmar proprietário/origem brasileira
Clinic Aesthetica Group;São Paulo/SP;Alline Ortiz (proprietária/CEO);+55 11 97346-9977;atendimento@clinicspa.com.br;https://www.clinicspa.com.br/;Pesquisa pública;Prospectar;Já existe calendário/formulário de avaliação no site. Oferecer integração e área do cliente somente se faltar no processo atual.;;;Confirmar proprietária brasileira e descobrir quais sistemas já utilizam.;A confirmar;;;;;"Não apresentar como clínica com agendamento apenas por WhatsApp; atendimento@clinicspa.com.br.";Sem data;WhatsApp;+55 11 97346-9977;https://www.clinicspa.com.br/;https://www.clinicspa.com.br/;07/10/2026;Verificado;4;7;Já existe calendário/formulário de avaliação no site. Oferecer integração e área do cliente somente se faltar no processo atual.;"Site anuncia 12 anos de atuação, equipe e linhas de tratamento; sinais de operação estruturada.";Pendente;Brasil;Alline Ortiz (proprietária/CEO);Não confirmado;https://www.clinicspa.com.br/;Brasil;Média;Pendente;Confirmar proprietário/origem brasileira
Derma Mais;Londrina/PR;"Marina Mouco Valotto (razão social; vínculo societário a confirmar)";+55 43 99162-2868;;https://clinicaesteticalondrina.com.br/;Pesquisa pública;Prospectar;"Site direciona conversa após coleta de nome e telefone; acompanhamento capilar/facial combina com área privada do cliente.";;;Confirmar sócios brasileiros e avaliar solicitação de consulta com aprovação da equipe.;A confirmar;;;;;CNPJ 31.219.709/0001-06. Liderança técnica não foi automaticamente considerada propriedade.;Sem data;WhatsApp;+55 43 99162-2868;https://clinicaesteticalondrina.com.br/;https://clinicaesteticalondrina.com.br/quem-somos/;07/10/2026;Verificado;7;7;"Site direciona conversa após coleta de nome e telefone; acompanhamento capilar/facial combina com área privada do cliente.";"Equipe clínica, financeira e relacionamento identificada; tratamentos capilares/faciais/corporais e unidade física.";Pendente;Brasil;"Marina Mouco Valotto (razão social; vínculo societário a confirmar)";Não confirmado;https://clinicaesteticalondrina.com.br/quem-somos/;Brasil;Média;Pendente;Confirmar proprietário/origem brasileira
Pró-Corpo;Rede em SP, RJ e PR;Não identificado;+55 11 4118-9955;;https://www.procorpoestetica.com.br/;Pesquisa pública;Prospectar;"Já possui comércio eletrônico e formulário de solicitação de agendamento. Venda simples de site tem baixa aderência; investigar integração.";;;"Confirmar proprietário brasileiro e acesso ao decisor; priorizar depois das clínicas independentes.";A confirmar;;;;;Capacidade estimada alta não significa maior facilidade de venda.;Sem data;WhatsApp;+55 11 4118-9955;https://www.procorpoestetica.com.br/;https://www.procorpoestetica.com.br/;07/10/2026;Verificado;3;9;"Já possui comércio eletrônico e formulário de solicitação de agendamento. Venda simples de site tem baixa aderência; investigar integração.";"Rede de unidades, catálogo amplo, preços e comércio eletrônico publicados; contratação provavelmente exige avaliação corporativa.";Pendente;Brasil;Não identificado;Não confirmado;;Brasil;Média;Pendente;Confirmar proprietário/origem brasileira
Natalia Beauty Clinic;"São Paulo/SP; Barueri/SP; Curitiba/PR";Natalia Martins;;;https://nataliabeauty.com.br/clinica/;Pesquisa pública;Prospectar;"Site e marca maduros; unidades encaminham atendimento para WhatsApp. Oferecer integração e experiência do cliente, sem desvalorizar o site atual.";;;Pedir contato da gestão e verificar sistema atual antes de oferecer demonstração.;A confirmar;;;;;Biografia oficial: “Natural da capital de São Paulo”. Origem brasileira documentada, sem verificação de documentos de cidadania. Não usar WhatsApp da agência no rodapé.;Sem data;Telefone;+55 11 3061-2670;https://nataliabeauty.com.br/clinica/;https://nataliabeauty.com.br/clinica/;07/10/2026;Verificado;4;9;"Site e marca maduros; unidades encaminham atendimento para WhatsApp. Oferecer integração e experiência do cliente, sem desvalorizar o site atual.";"Três unidades listadas e matriz de 1.000 m² anunciada; equipe e negócios complementares. Não estima disponibilidade de caixa.";Baixa;Brasil;Natalia Martins;Origem brasileira documentada;https://nataliabeauty.com.br/quem-somos/;Brasil;Média;Qualificado;
SPA Renata França;São Paulo/SP;Renata França;+55 11 99129-9556;contato@renatafranca.com;https://www.sparenatafranca.com/sobre/;Pesquisa pública;Prospectar;"Contato para atendimento no WhatsApp; área de alunos já existe. Investigar se pacientes possuem agendamento e acompanhamento próprios.";;;Solicitar contato da gestão do SPA e oferecer organização das solicitações de consulta.;A confirmar;;;;;Biografia oficial identifica Ilhéus/BA como cidade natal (“hometown”). Origem brasileira documentada, cidadania legal não verificada. Não usar números de cursos ou venda corporativa.;Sem data;WhatsApp;+55 11 99129-9556;https://www.sparenatafranca.com/sobre/;https://www.sparenatafranca.com/nossa-historia/renata;07/10/2026;Verificado;6;8;"Contato para atendimento no WhatsApp; área de alunos já existe. Investigar se pacientes possuem agendamento e acompanhamento próprios.";"Marca com protocolos próprios, equipe e operação de formação/loja; capacidade de compra é hipótese baseada na estrutura.";Média;Brasil;Renata França;Origem brasileira documentada;https://www.sparenatafranca.com/nossa-historia/renata;Brasil;Média;Qualificado;
VitaSmile;Londres;Não identificado;+44 7848 958312;;https://www.vitasmile.co.uk/;Pesquisa pública;Prospectar;"Clínica odontológica também oferece rejuvenescimento facial; integração de atendimento pode ser útil, mas demanda difere de estética pura.";;;Confirmar se o proprietário é brasileiro e se há interesse específico na frente de estética.;A confirmar;;;;;FORA DO BRASIL. “Clínica brasileira” e atendimento em português não comprovam nacionalidade do dono.;Sem data;WhatsApp;+44 7848 958312;https://www.vitasmile.co.uk/;https://www.vitasmile.co.uk/estetica-que-respeita-voce/;07/10/2026;Verificado;5;7;"Clínica odontológica também oferece rejuvenescimento facial; integração de atendimento pode ser útil, mas demanda difere de estética pura.";Equipe, serviços odontológicos e estética facial, site com preços/financiamento publicados.;Pendente;Reino Unido;Não identificado;Não confirmado;;FORA DO BRASIL;Média;Pendente;Confirmar proprietário/origem brasileira
Maison B;Lisboa;Anni Frota;;;;Pesquisa pública;Prospectar;"Espaço de estética com tratamentos naturais e quatro salas descrito em reportagem; site e agenda atuais não verificados.";;;Revalidar funcionamento, telefone e proprietária antes de qualquer abordagem.;A confirmar;;;;;FORA DO BRASIL. Reportagem de 22/12/2022. Não presumir que telefone aceita WhatsApp nem que contato continua ativo.;Sem data;Telefone;+351 912 349 066;;https://www.nit.pt/compras/maison-b-o-novo-espaco-de-beleza-em-lisboa-onde-todos-os-tratamentos-sao-naturais;07/10/2026;Pendente;6;6;"Espaço de estética com tratamentos naturais e quatro salas descrito em reportagem; site e agenda atuais não verificados.";Estrutura de quatro salas e serviços publicados em 2022. Evidência histórica, sem validação financeira atual.;Pendente;Portugal;Anni Frota;Brasileira explícita em fonte;https://www.nit.pt/compras/maison-b-o-novo-espaco-de-beleza-em-lisboa-onde-todos-os-tratamentos-sao-naturais;FORA DO BRASIL;Baixa;Pendente;Revalidar contato/atividade atual
Bellavish Aesthetic Clinic;Dublin;Phamela Priscila Bezerra;;;;Pesquisa pública;Prospectar;"Clínica de estética descrita em matéria institucional; jornada digital atual não pôde ser validada.";;;"Revalidar atividade e telefone; confirmar responsável atual.";A confirmar;;;;;FORA DO BRASIL. Fonte de 21/09/2022: nasceu em Londrina/PR. E-mail ofuscado não foi inventado. Domínio antigo não foi considerado site atual.;Sem data;Telefone;+353 89 607 6938;;https://nepuga.edu.br/news/biomedica-esteta-europa/;07/10/2026;Pendente;6;6;"Clínica de estética descrita em matéria institucional; jornada digital atual não pôde ser validada.";"Experiência e operação clínica descritas em 2022; sinal histórico insuficiente para inferir orçamento atual.";Pendente;Irlanda;Phamela Priscila Bezerra;Origem brasileira documentada;https://nepuga.edu.br/news/biomedica-esteta-europa/;FORA DO BRASIL;Baixa;Pendente;Revalidar contato/atividade atual
Brazilicious Beauty Spa;Austin/Texas (referência histórica);Josie Rushing;;;https://braziliciousbeautyspa.com/;Pesquisa pública;Prospectar;"Proprietária brasileira identificada em reportagem; contato comercial atual e experiência do site não puderam ser verificados.";;;"Localizar fonte atual de contato comercial; manter fora da fila de abordagem.";A confirmar;;;;;"FORA DO BRASIL. Reportagem de 29/04/2022; site bloqueou acesso automatizado. brazilicious.com é comércio de pão de queijo e não pertence a este registro.";Sem data;;;;;07/10/2026;Pendente;;;"Proprietária brasileira identificada em reportagem; contato comercial atual e experiência do site não puderam ser verificados.";Não pontuado: faturamento histórico de reportagem não comprova orçamento atual.;Pendente;Estados Unidos;Josie Rushing;Brasileira explícita em fonte;https://revistapegn.globo.com/Mulheres-empreendedoras/noticia/2022/04/brasileira-fatura-r-2-milhoes-com-drenagem-linfatica-nos-eua.html;FORA DO BRASIL;Não atribuída;Pendente;Localizar contato comercial atual fora do Instagram
