name;city;country;owner;national;eligibility;channel;contact;potential;capacity;confidence;why;budget;origin_evidence;origin_source;ownership_limit;contactsource;contact_limit;action;opening;discovery;note
Instituto Remodele;São Paulo/SP;Brasil;Não identificado;Não confirmado;A validar — fora da fila elegível;WhatsApp;+55 11 91907-8160;8;5;Média;"Chamadas de agendamento levam ao WhatsApp; catálogo facial e corporal permite apresentar site com solicitações de consulta e painel.";"Site próprio e endereço físico publicados; equipe, unidades adicionais e investimento disponíveis não comprovados.";Não localizado trecho público suficiente para comprovar a origem/nacionalidade brasileira do proprietário.;;Vínculo societário/propriedade e origem brasileira não estão completamente documentados.;https://remodele.com.br/assets/index-ClmuxGc9.js;"Contato visto em fonte pública; não testado por ligação/mensagem. Não há autorização de envio de propaganda.";"Confirmar proprietário brasileiro; apresentar fluxo de agendamento e edição dos serviços.";Olá, equipe da Instituto Remodele! Sou [seu nome]. Vi no site de vocês que há atendimento para consultas e um catálogo de tratamentos. Desenvolvo sites com painel de conteúdo, solicitações de consulta e área do cliente. Gostaria de falar com quem cuida dessa operação para entender se há algo que podemos melhorar. Posso enviar uma demonstração curta?;Como vocês recebem e aprovam pedidos de consulta? Qual sistema já usam? Quem atualiza os tratamentos/fotos do site? Quem decide sobre uma ferramenta nova? Há interesse e verba para resolver alguma dessas tarefas?;"CNPJ 63.154.444/0001-00; contato@remodele.com.br. Não confundir com Instituto Remodele de Rio Preto."
Art Beauty Center;"São Paulo/SP; Uberaba/MG";Brasil;Geisa Costa e Marco Aurélio (cofundadores);Não confirmado;A validar — fora da fila elegível;WhatsApp;+55 11 94445-2686;6;8;Média;"Site já apresenta bem a clínica; oportunidade provável em solicitações de consulta e acompanhamento entre unidades.";"Duas unidades, equipe multidisciplinar e cargos de marketing/finanças publicados; capacidade financeira real desconhecida.";Não localizado trecho público suficiente para comprovar a origem/nacionalidade brasileira do proprietário.;https://www.artbeautycenter.com.br/sobre-nos;Vínculo societário/propriedade e origem brasileira não estão completamente documentados.;https://www.artbeautycenter.com.br/sobre-nos;"Contato visto em fonte pública; não testado por ligação/mensagem. Não há autorização de envio de propaganda.";Confirmar origem dos proprietários e perguntar se já usam sistema de agenda.;Olá, equipe da Art Beauty Center! Sou [seu nome]. Vi no site de vocês que há atendimento para consultas e um catálogo de tratamentos. Desenvolvo sites com painel de conteúdo, solicitações de consulta e área do cliente. Gostaria de falar com quem cuida dessa operação para entender se há algo que podemos melhorar. Posso enviar uma demonstração curta?;Como vocês recebem e aprovam pedidos de consulta? Qual sistema já usam? Quem atualiza os tratamentos/fotos do site? Quem decide sobre uma ferramenta nova? Há interesse e verba para resolver alguma dessas tarefas?;"WhatsApp de agendamento de São Paulo. Há divergência em outros telefones do rodapé; não foram usados."
Danielle Oliveira Estética Avançada;São Paulo/SP;Brasil;Danielle Oliveira (cofundadora);Não confirmado;A validar — fora da fila elegível;WhatsApp;+55 11 97176-0036;7;8;Média;"Agendamento encaminhado ao WhatsApp; múltiplas unidades podem se beneficiar de catálogo e gestão por unidade.";"Cinco unidades listadas; três próprias declaradas no texto institucional. Variedade de procedimentos e estrutura de franquias.";Não localizado trecho público suficiente para comprovar a origem/nacionalidade brasileira do proprietário.;https://www.danielleoliveira.com.br/;Vínculo societário/propriedade e origem brasileira não estão completamente documentados.;https://www.danielleoliveira.com.br/;"Contato visto em fonte pública; não testado por ligação/mensagem. Não há autorização de envio de propaganda.";"Confirmar proprietária brasileira e autonomia para contratar; oferecer piloto em uma unidade.";Olá, equipe da Danielle Oliveira Estética Avançada! Sou [seu nome]. Vi no site de vocês que há atendimento para consultas e um catálogo de tratamentos. Desenvolvo sites com painel de conteúdo, solicitações de consulta e área do cliente. Gostaria de falar com quem cuida dessa operação para entender se há algo que podemos melhorar. Posso enviar uma demonstração curta?;Como vocês recebem e aprovam pedidos de consulta? Qual sistema já usam? Quem atualiza os tratamentos/fotos do site? Quem decide sobre uma ferramenta nova? Há interesse e verba para resolver alguma dessas tarefas?;"Contato da unidade Limão; contato@danielleoliveira.com.br. Formação no Brasil não comprova nacionalidade."
JK Estética Avançada;"São Paulo/SP; Rio de Janeiro/RJ";Brasil;Não identificado;Não confirmado;A validar — fora da fila elegível;Formulário;Formulário de consulta no site;5;8;Média;"Site elaborado e amplo catálogo; avaliar integração da consulta com acompanhamento e painel antes de propor substituição.";"Endereços em SP e RJ, serviços e tecnologias variados divulgados; orçamento não foi informado.";Não localizado trecho público suficiente para comprovar a origem/nacionalidade brasileira do proprietário.;;Vínculo societário/propriedade e origem brasileira não estão completamente documentados.;https://www.jkesteticaavancada.com.br/;"Contato visto em fonte pública; não testado por ligação/mensagem. Não há autorização de envio de propaganda.";Identificar gestor/proprietário brasileiro e confirmar canal para proposta comercial.;Olá, equipe da JK Estética Avançada! Sou [seu nome]. Vi no site de vocês que há atendimento para consultas e um catálogo de tratamentos. Desenvolvo sites com painel de conteúdo, solicitações de consulta e área do cliente. Gostaria de falar com quem cuida dessa operação para entender se há algo que podemos melhorar. Posso enviar uma demonstração curta?;Como vocês recebem e aprovam pedidos de consulta? Qual sistema já usam? Quem atualiza os tratamentos/fotos do site? Quem decide sobre uma ferramenta nova? Há interesse e verba para resolver alguma dessas tarefas?;"contato@jkesteticaavancada.com.br é divulgado como Ouvidoria; não foi tratado como endereço de vendas."
Clinic Aesthetica Group;São Paulo/SP;Brasil;Alline Ortiz (proprietária/CEO);Não confirmado;A validar — fora da fila elegível;WhatsApp;+55 11 97346-9977;4;7;Média;Já existe calendário/formulário de avaliação no site. Oferecer integração e área do cliente somente se faltar no processo atual.;"Site anuncia 12 anos de atuação, equipe e linhas de tratamento; sinais de operação estruturada.";Não localizado trecho público suficiente para comprovar a origem/nacionalidade brasileira do proprietário.;https://www.clinicspa.com.br/;Vínculo societário/propriedade e origem brasileira não estão completamente documentados.;https://www.clinicspa.com.br/;"Contato visto em fonte pública; não testado por ligação/mensagem. Não há autorização de envio de propaganda.";Confirmar proprietária brasileira e descobrir quais sistemas já utilizam.;Olá, equipe da Clinic Aesthetica Group! Sou [seu nome]. Vi no site de vocês que há recursos de agendamento e atendimento digital. Desenvolvo sites com painel de conteúdo, solicitações de consulta e área do cliente. Gostaria de falar com quem cuida dessa operação para entender se há algo que podemos melhorar. Posso enviar uma demonstração curta?;Como vocês recebem e aprovam pedidos de consulta? Qual sistema já usam? Quem atualiza os tratamentos/fotos do site? Quem decide sobre uma ferramenta nova? Há interesse e verba para resolver alguma dessas tarefas?;"Não apresentar como clínica com agendamento apenas por WhatsApp; atendimento@clinicspa.com.br."
Derma Mais;Londrina/PR;Brasil;"Marina Mouco Valotto (razão social; vínculo societário a confirmar)";Não confirmado;A validar — fora da fila elegível;WhatsApp;+55 43 99162-2868;7;7;Média;"Site direciona conversa após coleta de nome e telefone; acompanhamento capilar/facial combina com área privada do cliente.";"Equipe clínica, financeira e relacionamento identificada; tratamentos capilares/faciais/corporais e unidade física.";Não localizado trecho público suficiente para comprovar a origem/nacionalidade brasileira do proprietário.;https://clinicaesteticalondrina.com.br/quem-somos/;Vínculo societário/propriedade e origem brasileira não estão completamente documentados.;https://clinicaesteticalondrina.com.br/quem-somos/;"Contato visto em fonte pública; não testado por ligação/mensagem. Não há autorização de envio de propaganda.";Confirmar sócios brasileiros e avaliar solicitação de consulta com aprovação da equipe.;Olá, equipe da Derma Mais! Sou [seu nome]. Vi no site de vocês que há atendimento para consultas e um catálogo de tratamentos. Desenvolvo sites com painel de conteúdo, solicitações de consulta e área do cliente. Gostaria de falar com quem cuida dessa operação para entender se há algo que podemos melhorar. Posso enviar uma demonstração curta?;Como vocês recebem e aprovam pedidos de consulta? Qual sistema já usam? Quem atualiza os tratamentos/fotos do site? Quem decide sobre uma ferramenta nova? Há interesse e verba para resolver alguma dessas tarefas?;CNPJ 31.219.709/0001-06. Liderança técnica não foi automaticamente considerada propriedade.
Pró-Corpo;Rede em SP, RJ e PR;Brasil;Não identificado;Não confirmado;A validar — fora da fila elegível;WhatsApp;+55 11 4118-9955;3;9;Média;"Já possui comércio eletrônico e formulário de solicitação de agendamento. Venda simples de site tem baixa aderência; investigar integração.";"Rede de unidades, catálogo amplo, preços e comércio eletrônico publicados; contratação provavelmente exige avaliação corporativa.";Não localizado trecho público suficiente para comprovar a origem/nacionalidade brasileira do proprietário.;;Vínculo societário/propriedade e origem brasileira não estão completamente documentados.;https://www.procorpoestetica.com.br/;"Contato visto em fonte pública; não testado por ligação/mensagem. Não há autorização de envio de propaganda.";"Confirmar proprietário brasileiro e acesso ao decisor; priorizar depois das clínicas independentes.";Olá, equipe da Pró-Corpo! Sou [seu nome]. Vi no site de vocês que há recursos de agendamento e atendimento digital. Desenvolvo sites com painel de conteúdo, solicitações de consulta e área do cliente. Gostaria de falar com quem cuida dessa operação para entender se há algo que podemos melhorar. Posso enviar uma demonstração curta?;Como vocês recebem e aprovam pedidos de consulta? Qual sistema já usam? Quem atualiza os tratamentos/fotos do site? Quem decide sobre uma ferramenta nova? Há interesse e verba para resolver alguma dessas tarefas?;Capacidade estimada alta não significa maior facilidade de venda.
Natalia Beauty Clinic;"São Paulo/SP; Barueri/SP; Curitiba/PR";Brasil;Natalia Martins;Origem brasileira documentada;Origem e vínculo documentados;Telefone;+55 11 3061-2670;4;9;Média;"Site e marca maduros; unidades encaminham atendimento para WhatsApp. Oferecer integração e experiência do cliente, sem desvalorizar o site atual.";"Três unidades listadas e matriz de 1.000 m² anunciada; equipe e negócios complementares. Não estima disponibilidade de caixa.";Natural da capital de São Paulo, Natalia Martins;https://nataliabeauty.com.br/quem-somos/;Fonte identifica fundador(a), sócio(a) ou consultório profissional. Não houve consulta a contratos sociais atualizados nem documentos de cidadania.;https://nataliabeauty.com.br/clinica/;"Contato visto em fonte pública; não testado por ligação/mensagem. Não há autorização de envio de propaganda.";Pedir contato da gestão e verificar sistema atual antes de oferecer demonstração.;Olá, equipe da Natalia Beauty Clinic! Sou [seu nome]. Vi no site de vocês que há recursos de agendamento e atendimento digital. Desenvolvo sites com painel de conteúdo, solicitações de consulta e área do cliente. Gostaria de falar com quem cuida dessa operação para entender se há algo que podemos melhorar. Posso enviar uma demonstração curta?;Como vocês recebem e aprovam pedidos de consulta? Qual sistema já usam? Quem atualiza os tratamentos/fotos do site? Quem decide sobre uma ferramenta nova? Há interesse e verba para resolver alguma dessas tarefas?;Biografia oficial: “Natural da capital de São Paulo”. Origem brasileira documentada, sem verificação de documentos de cidadania. Não usar WhatsApp da agência no rodapé.
SPA Renata França;São Paulo/SP;Brasil;Renata França;Origem brasileira documentada;Origem e vínculo documentados;WhatsApp;+55 11 99129-9556;6;8;Média;"Contato para atendimento no WhatsApp; área de alunos já existe. Investigar se pacientes possuem agendamento e acompanhamento próprios.";"Marca com protocolos próprios, equipe e operação de formação/loja; capacidade de compra é hipótese baseada na estrutura.";Renata left her hometown of Ilhéus in Bahia in 2001;https://www.sparenatafranca.com/nossa-historia/renata;Fonte identifica fundador(a), sócio(a) ou consultório profissional. Não houve consulta a contratos sociais atualizados nem documentos de cidadania.;https://www.sparenatafranca.com/nossa-historia/renata;"Contato visto em fonte pública; não testado por ligação/mensagem. Não há autorização de envio de propaganda.";Solicitar contato da gestão do SPA e oferecer organização das solicitações de consulta.;Olá, equipe da SPA Renata França! Sou [seu nome]. Vi no site de vocês que há atendimento para consultas e um catálogo de tratamentos. Desenvolvo sites com painel de conteúdo, solicitações de consulta e área do cliente. Gostaria de falar com quem cuida dessa operação para entender se há algo que podemos melhorar. Posso enviar uma demonstração curta?;Como vocês recebem e aprovam pedidos de consulta? Qual sistema já usam? Quem atualiza os tratamentos/fotos do site? Quem decide sobre uma ferramenta nova? Há interesse e verba para resolver alguma dessas tarefas?;Biografia oficial identifica Ilhéus/BA como cidade natal (“hometown”). Origem brasileira documentada, cidadania legal não verificada. Não usar números de cursos ou venda corporativa.
VitaSmile;Londres;Reino Unido;Não identificado;Não confirmado;A validar — fora da fila elegível;WhatsApp;+44 7848 958312;5;7;Média;"Clínica odontológica também oferece rejuvenescimento facial; integração de atendimento pode ser útil, mas demanda difere de estética pura.";Equipe, serviços odontológicos e estética facial, site com preços/financiamento publicados.;Não localizado trecho público suficiente para comprovar a origem/nacionalidade brasileira do proprietário.;;Vínculo societário/propriedade e origem brasileira não estão completamente documentados.;https://www.vitasmile.co.uk/estetica-que-respeita-voce/;"Contato visto em fonte pública; não testado por ligação/mensagem. Não há autorização de envio de propaganda.";Confirmar se o proprietário é brasileiro e se há interesse específico na frente de estética.;Olá, equipe da VitaSmile! Sou [seu nome]. Vi no site de vocês que há atendimento para consultas e um catálogo de tratamentos. Desenvolvo sites com painel de conteúdo, solicitações de consulta e área do cliente. Gostaria de falar com quem cuida dessa operação para entender se há algo que podemos melhorar. Posso enviar uma demonstração curta?;Como vocês recebem e aprovam pedidos de consulta? Qual sistema já usam? Quem atualiza os tratamentos/fotos do site? Quem decide sobre uma ferramenta nova? Há interesse e verba para resolver alguma dessas tarefas?;FORA DO BRASIL. “Clínica brasileira” e atendimento em português não comprovam nacionalidade do dono.
Maison B;Lisboa;Portugal;Anni Frota;Brasileira explícita em fonte;A validar — fora da fila elegível;Telefone;+351 912 349 066;6;6;Baixa;"Espaço de estética com tratamentos naturais e quatro salas descrito em reportagem; site e agenda atuais não verificados.";Estrutura de quatro salas e serviços publicados em 2022. Evidência histórica, sem validação financeira atual.;Não localizado trecho público suficiente para comprovar a origem/nacionalidade brasileira do proprietário.;https://www.nit.pt/compras/maison-b-o-novo-espaco-de-beleza-em-lisboa-onde-todos-os-tratamentos-sao-naturais;Vínculo societário/propriedade e origem brasileira não estão completamente documentados.;https://www.nit.pt/compras/maison-b-o-novo-espaco-de-beleza-em-lisboa-onde-todos-os-tratamentos-sao-naturais;"Fonte do contato é de 2022. Atividade e número atuais não confirmados; fora da fila elegível.";Revalidar funcionamento, telefone e proprietária antes de qualquer abordagem.;Olá, equipe da Maison B! Sou [seu nome]. Vi em uma reportagem sobre vocês que há atendimento para consultas e um catálogo de tratamentos. Desenvolvo sites com painel de conteúdo, solicitações de consulta e área do cliente. Gostaria de falar com quem cuida dessa operação para entender se há algo que podemos melhorar. Posso enviar uma demonstração curta?;Como vocês recebem e aprovam pedidos de consulta? Qual sistema já usam? Quem atualiza os tratamentos/fotos do site? Quem decide sobre uma ferramenta nova? Há interesse e verba para resolver alguma dessas tarefas?;FORA DO BRASIL. Reportagem de 22/12/2022. Não presumir que telefone aceita WhatsApp nem que contato continua ativo.
Bellavish Aesthetic Clinic;Dublin;Irlanda;Phamela Priscila Bezerra;Origem brasileira documentada;A validar — fora da fila elegível;Telefone;+353 89 607 6938;6;6;Baixa;"Clínica de estética descrita em matéria institucional; jornada digital atual não pôde ser validada.";"Experiência e operação clínica descritas em 2022; sinal histórico insuficiente para inferir orçamento atual.";Não localizado trecho público suficiente para comprovar a origem/nacionalidade brasileira do proprietário.;https://nepuga.edu.br/news/biomedica-esteta-europa/;Vínculo societário/propriedade e origem brasileira não estão completamente documentados.;https://nepuga.edu.br/news/biomedica-esteta-europa/;"Fonte do contato é de 2022. Atividade e número atuais não confirmados; fora da fila elegível.";"Revalidar atividade e telefone; confirmar responsável atual.";Olá, equipe da Bellavish Aesthetic Clinic! Sou [seu nome]. Vi em uma reportagem sobre vocês que há atendimento para consultas e um catálogo de tratamentos. Desenvolvo sites com painel de conteúdo, solicitações de consulta e área do cliente. Gostaria de falar com quem cuida dessa operação para entender se há algo que podemos melhorar. Posso enviar uma demonstração curta?;Como vocês recebem e aprovam pedidos de consulta? Qual sistema já usam? Quem atualiza os tratamentos/fotos do site? Quem decide sobre uma ferramenta nova? Há interesse e verba para resolver alguma dessas tarefas?;FORA DO BRASIL. Fonte de 21/09/2022: nasceu em Londrina/PR. E-mail ofuscado não foi inventado. Domínio antigo não foi considerado site atual.
Onodera Estética;Rede nacional;Brasil;Edna Onodera (fundadora);Não confirmado;A validar — fora da fila elegível;WhatsApp;+55 11 99912-1430;3;9;Média;"Já oferece agendamento online, cadastro e comércio eletrônico; maior oportunidade seria integração ou piloto autorizado por unidade.";Página institucional anuncia mais de 57 clínicas no Brasil e Europa em 2025 e centro de P&D. Não equivale à disponibilidade de investimento em fornecedor novo.;Não localizado trecho público suficiente para comprovar a origem/nacionalidade brasileira do proprietário.;https://www.onodera.com.br/sobre-onodera/;Vínculo societário/propriedade e origem brasileira não estão completamente documentados.;https://www.onodera.com.br/;"Contato visto em fonte pública; não testado por ligação/mensagem. Não há autorização de envio de propaganda.";"Confirmar proprietário brasileiro e decisor; perguntar sobre integração e autonomia da unidade.";Olá, equipe da Onodera Estética! Sou [seu nome]. Vi no site de vocês que há recursos de agendamento e atendimento digital. Desenvolvo sites com painel de conteúdo, solicitações de consulta e área do cliente. Gostaria de falar com quem cuida dessa operação para entender se há algo que podemos melhorar. Posso enviar uma demonstração curta?;Como vocês recebem e aprovam pedidos de consulta? Qual sistema já usam? Quem atualiza os tratamentos/fotos do site? Quem decide sobre uma ferramenta nova? Há interesse e verba para resolver alguma dessas tarefas?;"Central publicada é de apoio ao e-commerce; pedir encaminhamento à gestão. Não equivale ao contato direto do dono."
Emagrecentro;Rede nacional;Brasil;Não identificado;Não confirmado;A validar — fora da fila elegível;WhatsApp;+55 11 94585-8889;3;9;Média;Já divulga aplicativo de acompanhamento e formulário de avaliação. Investigar integrações, sem oferecer área do cliente como novidade garantida.;"Rede, aplicativo, portal de franqueado e variedade de tratamentos divulgados; contadores dinâmicos em zero não foram usados como dados.";Não localizado trecho público suficiente para comprovar a origem/nacionalidade brasileira do proprietário.;;Vínculo societário/propriedade e origem brasileira não estão completamente documentados.;https://www.emagrecentro.com.br/;"Contato visto em fonte pública; não testado por ligação/mensagem. Não há autorização de envio de propaganda.";"Confirmar proprietário brasileiro e decisor; perguntar sobre integração e autonomia da unidade.";Olá, equipe da Emagrecentro! Sou [seu nome]. Vi no site de vocês que há recursos de agendamento e atendimento digital. Desenvolvo sites com painel de conteúdo, solicitações de consulta e área do cliente. Gostaria de falar com quem cuida dessa operação para entender se há algo que podemos melhorar. Posso enviar uma demonstração curta?;Como vocês recebem e aprovam pedidos de consulta? Qual sistema já usam? Quem atualiza os tratamentos/fotos do site? Quem decide sobre uma ferramenta nova? Há interesse e verba para resolver alguma dessas tarefas?;Site esclarece que é clínica de emagrecimento com aparelhos e não clínica médica.
Buddha Spa;Rede nacional;Brasil;Jayme Santos e Gustavo Albanesi (sócios identificados);Não confirmado;A validar — fora da fila elegível;Formulário;Formulário: departamento Comercial e Parcerias;4;9;Média;Já possui conta, pedidos e vouchers. Oferecer integração/piloto apenas após descobrir lacunas de atendimento.;Página Quem Somos apresenta sócios e mais de 150 endereços. Site tem comércio de serviços, vouchers e conta. Orçamento e autonomia de compra não confirmados.;Não localizado trecho público suficiente para comprovar a origem/nacionalidade brasileira do proprietário.;https://buddhaspa.com.br/o-buddha-spa/quem-somos/;Vínculo societário/propriedade e origem brasileira não estão completamente documentados.;https://buddhaspa.com.br/o-buddha-spa/contato/;"Contato visto em fonte pública; não testado por ligação/mensagem. Não há autorização de envio de propaganda.";"Confirmar proprietário brasileiro e decisor; perguntar sobre integração e autonomia da unidade.";Olá, equipe da Buddha Spa! Sou [seu nome]. Vi no site de vocês que há recursos de agendamento e atendimento digital. Desenvolvo sites com painel de conteúdo, solicitações de consulta e área do cliente. Gostaria de falar com quem cuida dessa operação para entender se há algo que podemos melhorar. Posso enviar uma demonstração curta?;Como vocês recebem e aprovam pedidos de consulta? Qual sistema já usam? Quem atualiza os tratamentos/fotos do site? Quem decide sobre uma ferramenta nova? Há interesse e verba para resolver alguma dessas tarefas?;"Formulário permite selecionar Comercial e Parcerias. WhatsApp SAC publicado: +55 11 99620-2678; não usado como contato direto de vendas."
OligoFlora;Rede nacional;Brasil;Não identificado;Não confirmado;A validar — fora da fila elegível;WhatsApp;+55 11 99794-5157;5;8;Média;"Formulário coleta unidade e preferência de horário para retorno; validar se a gestão já possui área do cliente e painel integrados.";"Sede licenciadora, múltiplas unidades e categorias facial/corporal/bem-estar divulgadas; não há orçamento publicado.";Não localizado trecho público suficiente para comprovar a origem/nacionalidade brasileira do proprietário.;;Vínculo societário/propriedade e origem brasileira não estão completamente documentados.;https://www.oligoflora.com.br/;"Contato visto em fonte pública; não testado por ligação/mensagem. Não há autorização de envio de propaganda.";"Confirmar proprietário brasileiro e decisor; validar sistema atual e oferecer demonstração do fluxo de solicitação/aprovação.";Olá, equipe da OligoFlora! Sou [seu nome]. Vi no site de vocês que há atendimento para consultas e um catálogo de tratamentos. Desenvolvo sites com painel de conteúdo, solicitações de consulta e área do cliente. Gostaria de falar com quem cuida dessa operação para entender se há algo que podemos melhorar. Posso enviar uma demonstração curta?;Como vocês recebem e aprovam pedidos de consulta? Qual sistema já usam? Quem atualiza os tratamentos/fotos do site? Quem decide sobre uma ferramenta nova? Há interesse e verba para resolver alguma dessas tarefas?;Formulário visível é solicitação de contato, não confirmação instantânea de horário.
Grupo Adriana Vilarinho;São Paulo/SP;Brasil;Adriana Vilarinho (fundadora);Não confirmado;A validar — fora da fila elegível;WhatsApp;+55 11 3032-1000;6;9;Média;"Chamadas de agendamento levam ao WhatsApp; oportunidade potencial em acompanhamento e organização por unidade, respeitando sistema existente.";"Página institucional anuncia cinco unidades e mais de 130 profissionais; serviços clínicos, faciais, corporais e capilares.";Não localizado trecho público suficiente para comprovar a origem/nacionalidade brasileira do proprietário.;https://www.adrianavilarinho.com.br/sobre-nos;Vínculo societário/propriedade e origem brasileira não estão completamente documentados.;https://www.adrianavilarinho.com.br/;"Contato visto em fonte pública; não testado por ligação/mensagem. Não há autorização de envio de propaganda.";"Confirmar proprietário brasileiro e decisor; validar sistema atual e oferecer demonstração do fluxo de solicitação/aprovação.";Olá, equipe da Grupo Adriana Vilarinho! Sou [seu nome]. Vi no site de vocês que há atendimento para consultas e um catálogo de tratamentos. Desenvolvo sites com painel de conteúdo, solicitações de consulta e área do cliente. Gostaria de falar com quem cuida dessa operação para entender se há algo que podemos melhorar. Posso enviar uma demonstração curta?;Como vocês recebem e aprovam pedidos de consulta? Qual sistema já usam? Quem atualiza os tratamentos/fotos do site? Quem decide sobre uma ferramenta nova? Há interesse e verba para resolver alguma dessas tarefas?;Ser reconhecida no mercado brasileiro e formada no Brasil não comprova nacionalidade.
Clínica Vanessa Metz;Rio de Janeiro/RJ;Brasil;Vanessa Metz (proprietária fundadora);Não confirmado;A validar — fora da fila elegível;Telefone;+55 21 98292-1357;7;7;Média;"Site apresenta tratamentos e convite para agendar; demonstrar solicitações de consulta e atualização do catálogo pela equipe.";Proprietária identificada, equipe e linhas de rejuvenescimento, corporal, capilar e procedimentos cirúrgicos.;Não localizado trecho público suficiente para comprovar a origem/nacionalidade brasileira do proprietário.;https://www.clinicavanessametz.com.br/;Vínculo societário/propriedade e origem brasileira não estão completamente documentados.;https://www.clinicavanessametz.com.br/;"Contato visto em fonte pública; não testado por ligação/mensagem. Não há autorização de envio de propaganda.";"Confirmar proprietário brasileiro e decisor; validar sistema atual e oferecer demonstração do fluxo de solicitação/aprovação.";Olá, equipe da Clínica Vanessa Metz! Sou [seu nome]. Vi no site de vocês que há atendimento para consultas e um catálogo de tratamentos. Desenvolvo sites com painel de conteúdo, solicitações de consulta e área do cliente. Gostaria de falar com quem cuida dessa operação para entender se há algo que podemos melhorar. Posso enviar uma demonstração curta?;Como vocês recebem e aprovam pedidos de consulta? Qual sistema já usam? Quem atualiza os tratamentos/fotos do site? Quem decide sobre uma ferramenta nova? Há interesse e verba para resolver alguma dessas tarefas?;"Número móvel publicado em Contato; link WhatsApp não capturado com destino verificável, por isso canal marcado como Telefone."
Clínica Luciana Pepino;Localização a confirmar;Brasil;"Luciana Pepino (profissional identificada; propriedade a confirmar)";Não confirmado;A validar — fora da fila elegível;Telefone;+55 11 3285-6412;5;7;Média;"Clínica com forte foco cirúrgico; avaliar demanda de estética e jornada da consulta antes de propor um produto pensado para estética.";"Profissionais experientes e diversas especialidades cirúrgicas publicadas; não extrapolar orçamento a partir do nome médico.";Não localizado trecho público suficiente para comprovar a origem/nacionalidade brasileira do proprietário.;https://www.lucianapepino.com.br/;Vínculo societário/propriedade e origem brasileira não estão completamente documentados.;https://www.lucianapepino.com.br/;"Contato visto em fonte pública; não testado por ligação/mensagem. Não há autorização de envio de propaganda.";"Confirmar proprietário brasileiro e decisor; validar sistema atual e oferecer demonstração do fluxo de solicitação/aprovação.";Olá, equipe da Clínica Luciana Pepino! Sou [seu nome]. Vi no site de vocês que há atendimento para consultas e um catálogo de tratamentos. Desenvolvo sites com painel de conteúdo, solicitações de consulta e área do cliente. Gostaria de falar com quem cuida dessa operação para entender se há algo que podemos melhorar. Posso enviar uma demonstração curta?;Como vocês recebem e aprovam pedidos de consulta? Qual sistema já usam? Quem atualiza os tratamentos/fotos do site? Quem decide sobre uma ferramenta nova? Há interesse e verba para resolver alguma dessas tarefas?;Telefone com DDD 11 publicado. Cidade/endereço e propriedade não foram inferidos. Página institucional retornou conteúdo parcialmente carregado.
Clínica Daniela Lemes;Rio de Janeiro/RJ;Brasil;Daniela Lemes (fundadora);Não confirmado;A validar — fora da fila elegível;WhatsApp;+55 21 99999-5633;7;7;Média;"Site com tecnologias e atendimento pelo WhatsApp; possível oportunidade de manutenção de conteúdo e solicitações organizadas.";Clínica física, tecnologias estéticas nomeadas e profissional especializada apresentada no site.;Não localizado trecho público suficiente para comprovar a origem/nacionalidade brasileira do proprietário.;https://danielalemes.com.br/a-clinica-2/;Vínculo societário/propriedade e origem brasileira não estão completamente documentados.;https://www.danielalemes.com.br/;"Contato visto em fonte pública; não testado por ligação/mensagem. Não há autorização de envio de propaganda.";"Confirmar proprietário brasileiro e decisor; validar sistema atual e oferecer demonstração do fluxo de solicitação/aprovação.";Olá, equipe da Clínica Daniela Lemes! Sou [seu nome]. Vi no site de vocês que há atendimento para consultas e um catálogo de tratamentos. Desenvolvo sites com painel de conteúdo, solicitações de consulta e área do cliente. Gostaria de falar com quem cuida dessa operação para entender se há algo que podemos melhorar. Posso enviar uma demonstração curta?;Como vocês recebem e aprovam pedidos de consulta? Qual sistema já usam? Quem atualiza os tratamentos/fotos do site? Quem decide sobre uma ferramenta nova? Há interesse e verba para resolver alguma dessas tarefas?;"Página contém texto/links de cassino sem relação com a clínica. Revalidar contato e situação do site; não afirmar causa ou invasão sem análise adicional."
Clínica Helena Costa;Rio de Janeiro/RJ;Brasil;"Helena Costa (médica responsável; propriedade a confirmar)";Não confirmado;A validar — fora da fila elegível;WhatsApp;+55 21 97136-9883;7;7;Média;"Atendimento pelo WhatsApp; serviços dermatológicos, capilares e estéticos permitem apresentar gestão de conteúdo e acompanhamento.";Clínica física no Leblon, múltiplas linhas de tratamento e responsável técnica identificada.;Não localizado trecho público suficiente para comprovar a origem/nacionalidade brasileira do proprietário.;https://clinicahelenacosta.com.br/clinica/;Vínculo societário/propriedade e origem brasileira não estão completamente documentados.;https://www.clinicahelenacosta.com.br/;"Contato visto em fonte pública; não testado por ligação/mensagem. Não há autorização de envio de propaganda.";"Confirmar proprietário brasileiro e decisor; validar sistema atual e oferecer demonstração do fluxo de solicitação/aprovação.";Olá, equipe da Clínica Helena Costa! Sou [seu nome]. Vi no site de vocês que há atendimento para consultas e um catálogo de tratamentos. Desenvolvo sites com painel de conteúdo, solicitações de consulta e área do cliente. Gostaria de falar com quem cuida dessa operação para entender se há algo que podemos melhorar. Posso enviar uma demonstração curta?;Como vocês recebem e aprovam pedidos de consulta? Qual sistema já usam? Quem atualiza os tratamentos/fotos do site? Quem decide sobre uma ferramenta nova? Há interesse e verba para resolver alguma dessas tarefas?;"contato@clinicahelenacosta.com.br. Página institucional contém link alheio a cassino; confirmar situação atual antes da proposta."
Royal Face;Rede nacional;Brasil;Não identificado;Não confirmado;A validar — fora da fila elegível;E-mail;contato@royalface.com.br;3;9;Média;"Já possui compra online, portal e agendamento; oportunidade de integração depende de processo de compra corporativo.";"Página Sobre divulga mais de 300 unidades comercializadas, operação em 25 estados e DF; unidades comercializadas não equivalem a unidades abertas.";Não localizado trecho público suficiente para comprovar a origem/nacionalidade brasileira do proprietário.;;Vínculo societário/propriedade e origem brasileira não estão completamente documentados.;https://www.royalface.com.br/;"Contato visto em fonte pública; não testado por ligação/mensagem. Não há autorização de envio de propaganda.";"Confirmar proprietário brasileiro e decisor; perguntar sobre integração e autonomia da unidade.";Olá, equipe da Royal Face! Sou [seu nome]. Vi no site de vocês que há recursos de agendamento e atendimento digital. Desenvolvo sites com painel de conteúdo, solicitações de consulta e área do cliente. Gostaria de falar com quem cuida dessa operação para entender se há algo que podemos melhorar. Posso enviar uma demonstração curta?;Como vocês recebem e aprovam pedidos de consulta? Qual sistema já usam? Quem atualiza os tratamentos/fotos do site? Quem decide sobre uma ferramenta nova? Há interesse e verba para resolver alguma dessas tarefas?;Telefone público +55 41 98707-2823. Fundadores/sócios atuais e origem brasileira não confirmados nesta rodada.
Clínica Bergmann;Porto Alegre/RS;Brasil;"Julio Bergmann (médico identificado; propriedade a confirmar)";Não confirmado;A validar — fora da fila elegível;WhatsApp;+55 51 99570-6643;7;7;Média;"Catálogo extenso e consulta online divulgada; confirmar funcionamento existente e propor jornada de solicitação e acompanhamento capilar/facial.";Endereço físico, equipamentos, tratamentos faciais/corporais/capilares e médico identificado.;Não localizado trecho público suficiente para comprovar a origem/nacionalidade brasileira do proprietário.;https://www.clinicabergmann.com.br/;Vínculo societário/propriedade e origem brasileira não estão completamente documentados.;https://www.clinicabergmann.com.br/;"Contato visto em fonte pública; não testado por ligação/mensagem. Não há autorização de envio de propaganda.";"Confirmar proprietário brasileiro e decisor; validar sistema atual e oferecer demonstração do fluxo de solicitação/aprovação.";Olá, equipe da Clínica Bergmann! Sou [seu nome]. Vi no site de vocês que há atendimento para consultas e um catálogo de tratamentos. Desenvolvo sites com painel de conteúdo, solicitações de consulta e área do cliente. Gostaria de falar com quem cuida dessa operação para entender se há algo que podemos melhorar. Posso enviar uma demonstração curta?;Como vocês recebem e aprovam pedidos de consulta? Qual sistema já usam? Quem atualiza os tratamentos/fotos do site? Quem decide sobre uma ferramenta nova? Há interesse e verba para resolver alguma dessas tarefas?;"Rodapé identifica explicitamente o número como WhatsApp; contato@clinicabergmann.com.br. Não afirmar ausência de consulta online."
Clínica Slim Tratamento Capilar;"São Paulo/SP; Jundiaí/SP";Brasil;Não identificado;Não confirmado;A validar — fora da fila elegível;Telefone;+55 11 97276-9705;7;6;Média;"Tratamentos capilares recorrentes combinam com acompanhamento privado e solicitações; confirmar processo atual de agenda.";"Duas unidades/endereço e tecnologias capilares publicados; equipe e verba atual não comprovadas.";Não localizado trecho público suficiente para comprovar a origem/nacionalidade brasileira do proprietário.;;Vínculo societário/propriedade e origem brasileira não estão completamente documentados.;https://www.clinicaslim.com.br/;"Contato visto em fonte pública; não testado por ligação/mensagem. Não há autorização de envio de propaganda.";"Confirmar proprietário brasileiro e decisor; validar sistema atual e oferecer demonstração do fluxo de solicitação/aprovação.";Olá, equipe da Clínica Slim Tratamento Capilar! Sou [seu nome]. Vi no site de vocês que há atendimento para consultas e um catálogo de tratamentos. Desenvolvo sites com painel de conteúdo, solicitações de consulta e área do cliente. Gostaria de falar com quem cuida dessa operação para entender se há algo que podemos melhorar. Posso enviar uma demonstração curta?;Como vocês recebem e aprovam pedidos de consulta? Qual sistema já usam? Quem atualiza os tratamentos/fotos do site? Quem decide sobre uma ferramenta nova? Há interesse e verba para resolver alguma dessas tarefas?;"Número móvel da unidade São Paulo; não presumir WhatsApp. Site mostra divergência entre 44 e 46 anos e muitos links alheios de apostas. Revalidar contato antes de abordagem."
Elegance Estética;Bauru/SP;Brasil;"Felipe Alves (responsável técnico; propriedade a confirmar)";Não confirmado;A validar — fora da fila elegível;WhatsApp;+55 14 99845-5678;8;6;Média;"Página apresenta tratamentos e leva contato ao WhatsApp; alta aderência aparente à edição de catálogo e solicitação de avaliação.";"Unidade/endereço, biomédico responsável, criofrequência e procedimentos faciais/corporais divulgados; parcelamento não prova verba disponível.";Não localizado trecho público suficiente para comprovar a origem/nacionalidade brasileira do proprietário.;https://www.eleganceestetica.com.br/;Vínculo societário/propriedade e origem brasileira não estão completamente documentados.;https://www.eleganceestetica.com.br/;"Contato visto em fonte pública; não testado por ligação/mensagem. Não há autorização de envio de propaganda.";"Confirmar proprietário brasileiro e decisor; validar sistema atual e oferecer demonstração do fluxo de solicitação/aprovação.";Olá, equipe da Elegance Estética! Sou [seu nome]. Vi no site de vocês que há atendimento para consultas e um catálogo de tratamentos. Desenvolvo sites com painel de conteúdo, solicitações de consulta e área do cliente. Gostaria de falar com quem cuida dessa operação para entender se há algo que podemos melhorar. Posso enviar uma demonstração curta?;Como vocês recebem e aprovam pedidos de consulta? Qual sistema já usam? Quem atualiza os tratamentos/fotos do site? Quem decide sobre uma ferramenta nova? Há interesse e verba para resolver alguma dessas tarefas?;"CNPJ 59.187.109/0001-22. Rodapé e CTAs principais repetem o número escolhido; outro link diverge e não foi usado."
Clínica Seven;São Paulo/SP;Brasil;Não identificado;Não confirmado;A validar — fora da fila elegível;WhatsApp;+55 11 4933-1719;6;8;Média;"Chamadas de consulta levam ao WhatsApp; acompanhamento médico/nutricional pode se beneficiar de jornada integrada, a validar.";"Clínica física, equipe médica/nutricional e mais de 15 anos anunciados; foco em emagrecimento e definição corporal.";Não localizado trecho público suficiente para comprovar a origem/nacionalidade brasileira do proprietário.;;Vínculo societário/propriedade e origem brasileira não estão completamente documentados.;https://www.clinicaseven.com.br/;"Contato visto em fonte pública; não testado por ligação/mensagem. Não há autorização de envio de propaganda.";"Confirmar proprietário brasileiro e decisor; validar sistema atual e oferecer demonstração do fluxo de solicitação/aprovação.";Olá, equipe da Clínica Seven! Sou [seu nome]. Vi no site de vocês que há atendimento para consultas e um catálogo de tratamentos. Desenvolvo sites com painel de conteúdo, solicitações de consulta e área do cliente. Gostaria de falar com quem cuida dessa operação para entender se há algo que podemos melhorar. Posso enviar uma demonstração curta?;Como vocês recebem e aprovam pedidos de consulta? Qual sistema já usam? Quem atualiza os tratamentos/fotos do site? Quem decide sobre uma ferramenta nova? Há interesse e verba para resolver alguma dessas tarefas?;"Segmento de longevidade/emagrecimento, aderência diferente de estética facial. SAC: sac@clinicaseven.com.br; proprietário não identificado."
Clínica HA Gestão em Medicina Avançada;Curitiba/PR;Brasil;"Harielle Asega (diretora técnica; propriedade a confirmar)";Não confirmado;A validar — fora da fila elegível;WhatsApp;+55 41 98501-4101;7;7;Média;"Agendamento pelo WhatsApp e catálogo dermatológico/estético/capilar; avaliar organização de solicitações e acompanhamento por serviço.";"Clínica física, múltiplas especialidades e direção técnica identificada; não inferir verba por volume autodeclarado de transplantes.";Não localizado trecho público suficiente para comprovar a origem/nacionalidade brasileira do proprietário.;https://www.clinicaha.com.br/;Vínculo societário/propriedade e origem brasileira não estão completamente documentados.;https://www.clinicaha.com.br/;"Contato visto em fonte pública; não testado por ligação/mensagem. Não há autorização de envio de propaganda.";"Confirmar proprietário brasileiro e decisor; validar sistema atual e oferecer demonstração do fluxo de solicitação/aprovação.";Olá, equipe da Clínica HA Gestão em Medicina Avançada! Sou [seu nome]. Vi no site de vocês que há atendimento para consultas e um catálogo de tratamentos. Desenvolvo sites com painel de conteúdo, solicitações de consulta e área do cliente. Gostaria de falar com quem cuida dessa operação para entender se há algo que podemos melhorar. Posso enviar uma demonstração curta?;Como vocês recebem e aprovam pedidos de consulta? Qual sistema já usam? Quem atualiza os tratamentos/fotos do site? Quem decide sobre uma ferramenta nova? Há interesse e verba para resolver alguma dessas tarefas?;atendimento@hadermatologia.com.br. Ser diretora técnica não comprova propriedade ou nacionalidade.
Clínica Dra. Paula Lima;"Lisboa; Lousada (endereços publicados)";Portugal;Paula Lima (fundadora);Luso-brasileira explícita em fonte;Origem e vínculo documentados;WhatsApp;+351 919 885 440;8;7;Média;Site mostra código de um componente do Instagram como texto e marcações pelo WhatsApp. Há oportunidade concreta em manutenção de conteúdo e solicitações organizadas.;"Unidades/localizações publicadas, serviços corporais/faciais e nutrição; entrevista de 2026 descreve equipe e crescimento. Não representa verba real.";Luso-brasileira, nascida no Brasil, mas com dupla nacionalidade;https://revistabusinessportugal.pt/a-jornada-de-paula-lima-na-saude-e-estetica-humanizada/;Fonte identifica fundador(a), sócio(a) ou consultório profissional. Não houve consulta a contratos sociais atualizados nem documentos de cidadania.;https://clinicadrapaulalima.pt/;"Contato visto em fonte pública; não testado por ligação/mensagem. Não há autorização de envio de propaganda.";Pedir encaminhamento à gestão e confirmar processo atual de agendamento, antes de enviar demonstração.;Olá, equipe da Clínica Dra. Paula Lima! Sou [seu nome]. Vi no site de vocês que há atendimento para consultas e um catálogo de tratamentos. Desenvolvo sites com painel de conteúdo, solicitações de consulta e área do cliente. Gostaria de falar com quem cuida dessa operação para entender se há algo que podemos melhorar. Posso enviar uma demonstração curta?;Como vocês recebem e aprovam pedidos de consulta? Qual sistema já usam? Quem atualiza os tratamentos/fotos do site? Quem decide sobre uma ferramenta nova? Há interesse e verba para resolver alguma dessas tarefas?;"Entrevista de 16/02/2026 descreve a fundadora como luso-brasileira, nascida no Brasil, com dupla nacionalidade. Site apresenta Porto/Lousada de formas diferentes; confirmar locais ativos."
Clínica Dentária Boca a Boca;Tomar;Portugal;Leila Brandão (fundadora/diretora);Origem brasileira documentada;Origem e vínculo documentados;WhatsApp;+351 960 080 091;6;8;Média;Site moderno já apresenta equipe, galeria e marcação pelo WhatsApp. Oferecer complemento de solicitações e acompanhamento da harmonização facial, após validar sistema interno.;Site informa espaço de 250 m², sete gabinetes e equipe multidisciplinar. Operação principalmente odontológica, com harmonização facial.;Dra. Leila Brandão , natural de São Paulo;https://www.bocaaboca.pt/;Fonte identifica fundador(a), sócio(a) ou consultório profissional. Não houve consulta a contratos sociais atualizados nem documentos de cidadania.;https://www.bocaaboca.pt/;"Contato visto em fonte pública; não testado por ligação/mensagem. Não há autorização de envio de propaganda.";Pedir encaminhamento à gestão e confirmar processo atual de agendamento, antes de enviar demonstração.;Olá, equipe da Clínica Dentária Boca a Boca! Sou [seu nome]. Vi no site de vocês que há atendimento para consultas e um catálogo de tratamentos. Desenvolvo sites com painel de conteúdo, solicitações de consulta e área do cliente. Gostaria de falar com quem cuida dessa operação para entender se há algo que podemos melhorar. Posso enviar uma demonstração curta?;Como vocês recebem e aprovam pedidos de consulta? Qual sistema já usam? Quem atualiza os tratamentos/fotos do site? Quem decide sobre uma ferramenta nova? Há interesse e verba para resolver alguma dessas tarefas?;"Página institucional informa “natural de São Paulo”. Revista Business Portugal de 12/03/2024 corrobora fundadora/diretora; site atual confirma vínculo. Não vender como clínica de estética pura."
Consultório Robert M. Rey;Beverly Hills/Califórnia;Estados Unidos;Robert M. Rey (consultório profissional próprio);Origem brasileira documentada;Origem e vínculo documentados;Telefone;+1 310 205 3107;3;7;Média;"Já possui site especializado, formulário, galeria, consultas virtuais e financiamento. Aderência baixa a um site simples; só investigar integração se houver interesse.";Consultório internacional e catálogo cirúrgico amplo, plataformas/formulários e comunicação profissional publicados. Estrutura é sinal de capacidade, não orçamento.;Robert Rey nasceu em São Paulo;https://g1.globo.com/sao-paulo/noticia/2013/04/cirurgiao-plastico-robert-rey-o-dr-hollywood-se-filia-ao-psc.html;Fonte identifica fundador(a), sócio(a) ou consultório profissional. Não houve consulta a contratos sociais atualizados nem documentos de cidadania.;https://www.drrobertrey.com/;"Contato visto em fonte pública; não testado por ligação/mensagem. Não há autorização de envio de propaganda.";Pedir encaminhamento à gestão e confirmar processo atual de agendamento, antes de enviar demonstração.;Olá, equipe da Consultório Robert M. Rey! Sou [seu nome]. Vi no site de vocês que há recursos de agendamento e atendimento digital. Desenvolvo sites com painel de conteúdo, solicitações de consulta e área do cliente. Gostaria de falar com quem cuida dessa operação para entender se há algo que podemos melhorar. Posso enviar uma demonstração curta?;Como vocês recebem e aprovam pedidos de consulta? Qual sistema já usam? Quem atualiza os tratamentos/fotos do site? Quem decide sobre uma ferramenta nova? Há interesse e verba para resolver alguma dessas tarefas?;"G1 de 22/04/2013 informa nascimento em São Paulo; dado de origem é histórico. Site atual confirma consultório, endereço e telefone. Estrutura jurídica/societária não consultada. Foco cirúrgico e baixa prioridade para nosso produto."
